{
    "presetName": "Scimitar",
    "coreSettings": {
        "splinePointCount": 12,
        "heightSpacing": 0.3499999940395355,
        "heightSpacingMode": 3,
        "totalBladeHeight": 4.0,
        "minAndMaxHeightSpacing": {
            "x": 0.30000001192092898,
            "y": 0.5
        },
        "minAndMaxWidth": {
            "x": 0.10000000149011612,
            "y": 0.5
        },
        "minAndMaxAngle": {
            "x": 0.0,
            "y": 30.0
        }
    },
    "widthSettings": {
        "useRandomWidthCurve": false,
        "userDefinedCurve": {
            "serializedVersion": "2",
            "m_Curve": [
                {
                    "serializedVersion": "3",
                    "time": -0.0366668701171875,
                    "value": 0.5264854431152344,
                    "inSlope": 0.0,
                    "outSlope": 0.0,
                    "tangentMode": 0,
                    "weightedMode": 0,
                    "inWeight": 0.0,
                    "outWeight": 0.0
                },
                {
                    "serializedVersion": "3",
                    "time": 0.2540649175643921,
                    "value": 0.520585834980011,
                    "inSlope": -0.2915535271167755,
                    "outSlope": -0.2915535271167755,
                    "tangentMode": 0,
                    "weightedMode": 0,
                    "inWeight": 0.18773922324180604,
                    "outWeight": 0.3333333432674408
                },
                {
                    "serializedVersion": "3",
                    "time": 0.8170865178108215,
                    "value": 0.836489737033844,
                    "inSlope": 0.014479185454547406,
                    "outSlope": 0.014479185454547406,
                    "tangentMode": 0,
                    "weightedMode": 0,
                    "inWeight": 0.4202110469341278,
                    "outWeight": 1.0
                },
                {
                    "serializedVersion": "3",
                    "time": 1.0,
                    "value": 0.20000000298023225,
                    "inSlope": 0.0,
                    "outSlope": 0.0,
                    "tangentMode": 0,
                    "weightedMode": 0,
                    "inWeight": 0.0,
                    "outWeight": 0.0
                }
            ],
            "m_PreInfinity": 2,
            "m_PostInfinity": 2,
            "m_RotationOrder": 4
        },
        "randomWidthBiasCurve": {
            "serializedVersion": "2",
            "m_Curve": [
                {
                    "serializedVersion": "3",
                    "time": 0.0,
                    "value": 0.8017669916152954,
                    "inSlope": 0.0,
                    "outSlope": 0.0,
                    "tangentMode": 0,
                    "weightedMode": 0,
                    "inWeight": 0.0,
                    "outWeight": 0.0
                },
                {
                    "serializedVersion": "3",
                    "time": 0.5,
                    "value": 0.5523521304130554,
                    "inSlope": 0.0,
                    "outSlope": 0.0,
                    "tangentMode": 0,
                    "weightedMode": 0,
                    "inWeight": 0.0,
                    "outWeight": 0.0
                },
                {
                    "serializedVersion": "3",
                    "time": 1.0,
                    "value": 0.6839597225189209,
                    "inSlope": 0.0,
                    "outSlope": 0.0,
                    "tangentMode": 0,
                    "weightedMode": 0,
                    "inWeight": 0.0,
                    "outWeight": 0.0
                }
            ],
            "m_PreInfinity": 2,
            "m_PostInfinity": 2,
            "m_RotationOrder": 4
        },
        "noiseInfluence": 1.0,
        "noiseFrequency": 0.12300000339746475
    },
    "curvatureSettings": {
        "straightSegmentThreshold": 0,
        "curvatureMode": 1,
        "curvature_Max": 0.9800000190734863,
        "curvature_PeakFactor": 0.15000000596046449,
        "curvature_StepSize": 0.03999999910593033,
        "curvatureShape": {
            "serializedVersion": "2",
            "m_Curve": [
                {
                    "serializedVersion": "3",
                    "time": 0.0,
                    "value": 0.0,
                    "inSlope": 0.0,
                    "outSlope": 0.0,
                    "tangentMode": 0,
                    "weightedMode": 0,
                    "inWeight": 0.0,
                    "outWeight": 0.0
                },
                {
                    "serializedVersion": "3",
                    "time": 1.0,
                    "value": -1.0,
                    "inSlope": -2.0,
                    "outSlope": -2.0,
                    "tangentMode": 0,
                    "weightedMode": 0,
                    "inWeight": 0.0,
                    "outWeight": 0.0
                }
            ],
            "m_PreInfinity": 2,
            "m_PostInfinity": 2,
            "m_RotationOrder": 4
        },
        "curvatureDirection": {
            "x": 1.0,
            "y": 0.0,
            "z": 0.0
        }
    },
    "tipSettings": {
        "tipLeanMode": 3,
        "heightOffset": 0.11999999731779099,
        "tipLeanStrengthCurve": {
            "serializedVersion": "2",
            "m_Curve": [
                {
                    "serializedVersion": "3",
                    "time": 0.0,
                    "value": 0.4000000059604645,
                    "inSlope": 0.0,
                    "outSlope": 0.6000000238418579,
                    "tangentMode": 0,
                    "weightedMode": 0,
                    "inWeight": 0.0,
                    "outWeight": 0.0
                },
                {
                    "serializedVersion": "3",
                    "time": 1.0,
                    "value": 1.0,
                    "inSlope": 0.6000000238418579,
                    "outSlope": 0.0,
                    "tangentMode": 0,
                    "weightedMode": 0,
                    "inWeight": 0.0,
                    "outWeight": 0.0
                }
            ],
            "m_PreInfinity": 2,
            "m_PostInfinity": 2,
            "m_RotationOrder": 4
        }
    },
    "edgeSettings": {
        "edgeCollapseMode": 6,
        "collapsePattern": "NNNNNNNNNNN",
        "spineOffset": 0.0
    },
    "useSymmetry": false,
    "bladeGenerationData": {
        "baseProfiles": [
            {
                "profile": 1,
                "startHeight": 0.0,
                "endHeight": 1.0,
                "influenceCurve": {
                    "serializedVersion": "2",
                    "m_Curve": [
                        {
                            "serializedVersion": "3",
                            "time": 0.0,
                            "value": 0.0,
                            "inSlope": 0.0,
                            "outSlope": 0.0,
                            "tangentMode": 0,
                            "weightedMode": 0,
                            "inWeight": 0.0,
                            "outWeight": 0.0
                        },
                        {
                            "serializedVersion": "3",
                            "time": 1.0,
                            "value": 1.0,
                            "inSlope": 2.0,
                            "outSlope": 2.0,
                            "tangentMode": 0,
                            "weightedMode": 0,
                            "inWeight": 0.0,
                            "outWeight": 0.0
                        }
                    ],
                    "m_PreInfinity": 2,
                    "m_PostInfinity": 2,
                    "m_RotationOrder": 4
                },
                "scale": 1.0
            },
            {
                "profile": 1,